기업이름,고용형태,연봉,기업주소,키워드,기업형태,사원수,매출액
(주)디지트론,신입 · 경력 · 정규직 외,회사내규에 따름,"경기 성남시 분당구 판교로 697, A동 701호 (야탑동,분당테크노파크)",로봇제어,"중소기업, 주식회사, 외부감사법인, 연구..업종그 외 기타 전자부품 제조업",83,-
(주)신신사,경력무관 · 정규직,면접 후 결정,경남 김해시 주촌면 서부로1701번안길 142-13,로봇제어,"중소기업, 주식회사업종그 외 기타 전자부품 제조업",203,-
디알비오토메이션(주),경력무관 · 정규직,면접 후 결정,부산 금정구 금사로 130,로봇제어,"중견기업, 주식회사업종그 외 기타 특수목적용 기계 제조업",105,-
(주)티원솔루션,1 ~ 5년 · 정규직,면접 후 결정,"부산 해운대구 APEC로 17, 36층 3705호 (우동,센텀리더스마크)",로봇제어,중소기업업종그 외 기타 특수목적용 기계 제조업,4,-
(주)씨유박스,신입 · 경력 · 정규직,회사내규에 따름,서울 강남구 테헤란로22길 12,로봇제어,"코스닥, 중소기업, 외부감사법인, 주식회..업종응용 소프트웨어 개발 및 공급업",132,-
(주)씨유박스,경력 · 정규직,회사내규에 따름,서울 강남구 테헤란로22길 12,로봇제어,"코스닥, 중소기업, 외부감사법인, 주식회..업종응용 소프트웨어 개발 및 공급업",132,-
(주)알지에이아이엔씨,신입 · 경력 · 정규직,"연봉 10,000 만원 (주 40시간)근무형태상세보기상세근무 시간 주 40시간 기준 최저임금은 24,728,880원 입니다. (단, 이는 연장,야간,휴일 수당이 제외된 금액일 수 있습니다.)최저임금 설명 닫기","서울 서초구 서초대로 396, 7층 705호",로봇제어,"중소기업, 연구소업종전기ㆍ전자공학 연구개발업",3,-
코로아이㈜,신입 · 경력 · 정규직,"연봉 3,000 만원 (주 40시간)근무형태상세보기상세근무 시간 주 40시간 기준 최저임금은 24,728,880원 입니다. (단, 이는 연장,야간,휴일 수당이 제외된 금액일 수 있습니다.)최저임금 설명 닫기",경남 창원시 성산구 연덕로15번길 83,로봇제어,"중소기업, 주식회사업종배전반 및 전기 자동제어반 제조업",20,80억
(주)스튜디오쓰리에스코리아,신입 · 경력 · 정규직,면접 후 결정,경기 안양시 동안구 부림로170번길 41-20,로봇제어,중소기업업종시스템 소프트웨어 개발 및 공급업,34,-
(주)대일시스템,경력무관 · 정규직,면접 후 결정,경기 용인시 처인구 원삼면 맹리로 40,로봇제어,"중소기업, 스타트업, 주식회사, 병역특례..업종반도체 제조용 기계 제조업",34,-
한국자동차연구원,경력무관 · 계약직,면접 후 결정,충남 천안시 동남구 풍세면 풍세로 303,로봇제어,"기타, 비영리단체/협회업종기타 엔지니어링 서비스업",802,-
(주)태하,신입 · 경력 · 정규직,면접 후 결정,경기 남양주시 와부읍 수레로661번안길 3,로봇제어,"주식회사, 수출입 기업업종산업용 로봇 제조업",91,-
하이윈코퍼레이션(주),신입 · 경력 · 정규직,면접 후 결정,"경기 수원시 권선구 산업로155번길 228-92, 3층",로봇제어,"중소기업, 외국인 투자기업, 주식회사업종그 외 기타 특수목적용 기계 제조업",66,-
선우이엔지(주),신입 · 경력 · 정규직,면접 후 결정,"경기 광주시 초월읍 현산로 94, 3층",로봇제어,"중소기업, 외부감사법인, 주식회사, 수출..업종전기용 기계ㆍ장비 및 관련 기자재 도매업",23,-
(주)클로봇,4 ~ 10년 · 정규직,면접 후 결정,"경기 성남시 분당구 성남대로925번길 16, 7층 701호",로봇제어,"중소기업, 스타트업, 연구소, 주식회사, ..업종응용 소프트웨어 개발 및 공급업",116,-
(주)씨메스,신입 · 경력 · 정규직 외,회사내규에 따름,"서울 강남구 도산대로 318, 7층 1, 2호 (논현동,에스비타워)",로봇제어,"중소기업, 외부감사법인, 주식회사, 병역..업종그 외 기타 특수목적용 기계 제조업",113,-
(주)이지로보틱스,신입 · 정규직,면접 후 결정,"경기 수원시 영통구 덕영대로1556번길 16, D동 1101호",로봇제어,"중소기업, 외부감사법인, 연구소, 병역특..업종시스템 소프트웨어 개발 및 공급업설립일",-,-
(주)로봇앤드디자인,신입 · 경력 · 정규직,면접 후 결정,경기 용인시 처인구 경안천로 364,로봇제어,"중소기업, 스타트업, 수출입 기업업종산업용 로봇 제조업",141,-
(주)성진테크,경력무관 · 정규직,면접 후 결정,경남 김해시 진영읍 서부로179번길 39-86,로봇제어,"외부감사법인, 수출입 기업업종차체 및 특장차 제조업",180,"768억 7,200만"
현대엔지비(주),신입 · 경력 · 정규직,면접 후 결정,서울 관악구 관악로 1,로봇제어,"대기업, 외부감사법인업종기타 공학 연구개발업",135,-
대한상공회의소,신입 · 경력 · 교육생,면접 후 결정,서울 중구 세종대로 39,로봇제어,-,253,-
이엠에스(EMS),신입 · 경력 · 정규직,면접 후 결정,충남 천안시 서북구 불당26로 144,로봇제어,-,-,-
(주)이노비즈,신입 · 정규직,회사내규에 따름,경기 시흥시 엠티브이북로193번길 2,로봇제어,"중소기업, 주식회사, 외부감사법인, 병역..업종반도체 제조용 기계 제조업",79,-
(주)이노비즈,신입 · 정규직,회사내규에 따름,경기 시흥시 엠티브이북로193번길 2,로봇제어,"중소기업, 주식회사, 외부감사법인, 병역..업종반도체 제조용 기계 제조업",79,-
(주)미래컴퍼니,경력 · 정규직,회사내규에 따름,경기 화성시 양감면 정문송산로 69-12,로봇제어,"코스닥, 외부감사법인, 주식회사, 수출입..업종반도체 제조용 기계 제조업",325,-
(주)이노비즈,신입 · 정규직,면접 후 결정,경기 시흥시 엠티브이북로193번길 2,로봇제어,"중소기업, 주식회사, 외부감사법인, 병역..업종반도체 제조용 기계 제조업",79,-
(주)이노비즈,신입 · 정규직,회사내규에 따름,경기 시흥시 엠티브이북로193번길 2,로봇제어,"중소기업, 주식회사, 외부감사법인, 병역..업종반도체 제조용 기계 제조업",79,-
한국야스카와전기(주),신입 · 경력 · 정규직 외,면접 후 결정,"경기 안양시 동안구 엘에스로 112, 5층, 6층",로봇제어,"중견기업, 외국인 투자기업, 외부감사법..업종전기용 기계ㆍ장비 및 관련 기자재 도매업",156,-
엠에프알(주),경력무관 · 정규직,"연봉 3,700 만원 (주 40시간)근무형태상세보기상세근무 시간 주 40시간 기준 최저임금은 24,728,880원 입니다. (단, 이는 연장,야간,휴일 수당이 제외된 금액일 수 있습니다.)최저임금 설명 닫기","대구 달성군 현풍읍 테크노중앙대로 333, 대구경북과학기술원 산학협력관 404-에이호",로봇제어,"중소기업, 주식회사업종그 외 기타 특수목적용 기계 제조업",13,-
플레이코딩유한책임회사,경력 1년↑ · 정규직,면접 후 결정,"충남 천안시 서북구 백석공단1로 10, A동 906호",로봇제어,"중소기업, 사단법인, 협동조합업종기타 교육지원 서비스업",10,10조
씨제이대한통운(주),경력 3년↑ · 정규직,면접 후 결정,서울 종로구 종로5길 7,로봇제어,"코스피, 대기업, 1000대기업, 주식회사업종도로 화물 운송업",6326,-
엘에스오토모티브테크놀로지스(주),신입 · 경력 · 정규직,면접 후 결정,"경기 안양시 동안구 시민대로 260, 20층 안양금융센터에이에프씨",로봇제어,"대기업, 주식회사업종그 외 자동차용 신품 부품 제조업설립일",-,-
(주)엔젤로보틱스,신입 · 경력 · 정규직,면접 후 결정,"서울 성동구 성수이로22길 37, 1405호,1406호,1407호 (성수동2가,아크밸리)",로봇제어,"중소기업, 연구소, 주식회사, 병역특례 ..업종산업용 로봇 제조업",78,-
(주)엑스와이지,신입 · 정규직,면접 후 결정,-,로봇제어,"중소기업, 주식회사설립일*",-,-
티아이에스 주식회사,경력 15년↓ · 정규직,면접 후 결정,경기 화성시 동탄산단6길 15-33,로봇제어,"중소기업, 주식회사업종그 외 기타 전자부품 제조업",54,"119억 2,400만"
"Control Techniques, a NIDEC company",신입 · 경력 · 정규직,면접 후 결정,"서울 송파구 법원로11길 7, 문정현대지식산업센터 313,314호(문정동)",로봇제어,"외국 법인기업, 주식회사, 수출입 기업업종전기·전자·제어설립일",-,-
(주)한국해양벤처투자,경력무관 · 정규직 외,면접 후 결정,"부산 동구 자성로141번길 11, 603호",로봇제어,중소기업업종경영 컨설팅업,3,-
(주)마젠타로보틱스,경력무관 · 정규직,면접 후 결정,"대전 유성구 가정로 218, 7층 705,706호 (가정동,융합기술연구생산센터)",로봇제어,"중소기업, 주식회사, 병역특례 인증업체업종응용 소프트웨어 개발 및 공급업",15,11억 472만
씨제이대한통운(주),경력 3년↑ · 정규직,면접 후 결정,서울 종로구 종로5길 7,로봇제어,"코스피, 대기업, 1000대기업, 주식회사업종도로 화물 운송업",6326,-
(주)스마트비전,신입 · 경력 · 정규직,면접 후 결정,"경기 하남시 조정대로 150, 845호",로봇제어,"중소기업, 스타트업업종사업시설 유지ㆍ관리 서비스업",201,-
(주)위너스오토메이션,경력 5년↑ · 정규직,면접 후 결정,"경기 수원시 권선구 오목천로152번길 24, 3층.4층",로봇제어,"중소기업, 주식회사업종기타 산업용 기계 및 장비 도매업",66,-
(주)칼만,신입 · 경력 · 정규직 외,면접 후 결정,"경북 경주시 태종로 516, 산학협력관 2층 207호 (충효동,서라벌대학교)",로봇제어,"중소기업, 연구소, 주식회사, 병역특례 ..업종산업용 로봇 제조업",11,-
(주)한양정밀,신입 · 경력 · 정규직,면접 후 결정,경기 김포시 양촌읍 황금로89번길 140,로봇제어,"중견기업, 외부감사법인, 수출입 기업업종그 외 자동차용 신품 부품 제조업",184,-
(주)케이엔케이,신입 · 경력 · 정규직,면접 후 결정,경기 화성시 기산로87번길 2,로봇제어,"중소기업, 외부감사법인, 연구소, 주식회..업종전자기 측정, 시험 및 분석기구 제조업",56,-
(주)미래컴퍼니,경력 5년↑ · 정규직,면접 후 결정,경기 화성시 양감면 정문송산로 69-12,로봇제어,"코스닥, 외부감사법인, 주식회사, 수출입..업종반도체 제조용 기계 제조업",346,-
동원금속(주),신입 · 경력 · 정규직,면접 후 결정,경북 경산시 진량읍 북리1길 69,로봇제어,"코스피, 중견기업, 외부감사법인, 수출입..업종자동차 차체용 신품 부품 제조업",342,-
(주)듀어코리아,신입 · 정규직,면접 후 결정,"서울 구로구 경인로 662, 20층",로봇제어,중견기업업종건물용 기계ㆍ장비 설치 공사업,120,-
(주)뉴로메카,신입 · 경력 · 정규직 외,면접 후 결정,서울 성동구 아차산로 78,로봇제어,"코스닥, 중소기업, 스타트업, 주식회사, ..업종산업용 로봇 제조업",142,"73억 3,308만"
(주)제이디,경력무관 · 정규직,면접 후 결정,경기 수원시 권선구 산업로155번길 80,로봇제어,"중소기업, 주식회사, 수출입 기업업종컴퓨터 제조업",66,"162억 9,442만"
(주)포스코에이앤씨건축사사무소,경력(년수무관) · 정규직 외,면접 후 결정,"인천 연수구 컨벤시아대로 165, 24층",로봇제어,"대기업, 외부감사법인업종건축설계 및 관련 서비스업",1097,"1,536억 473만"
(주)미래컴퍼니,경력 2년↑ · 정규직,면접 후 결정,경기 화성시 양감면 정문송산로 69-12,로봇제어,"코스닥, 외부감사법인, 주식회사, 수출입..업종반도체 제조용 기계 제조업",346,-
(주)미래컴퍼니,경력 3년↑ · 정규직,면접 후 결정,경기 화성시 양감면 정문송산로 69-12,로봇제어,"코스닥, 외부감사법인, 주식회사, 수출입..업종반도체 제조용 기계 제조업",346,-
(주)베바스토코리아홀딩스,신입 · 경력 · 정규직,면접 후 결정,울산 울주군 온산읍 처용산업로 6,로봇제어,"중견기업, 외국 법인기업, 외부감사법인,..업종그 외 자동차용 신품 부품 제조업",450,-
(주)세운아이엔티,경력 · 정규직,면접 후 결정,경북 영천시 대창면 한제길 20,로봇제어,중소기업업종그 외 자동차용 신품 부품 제조업,52,-
(주)원익아이피에스,경력무관 · 정규직,면접 후 결정,경기 평택시 진위면 진위산단로 75,로봇제어,"코스닥, 중견기업, 주식회사, 병역특례 ..업종반도체 제조용 기계 제조업",1592,-
(주)로엔서지컬,경력 5년↑ · 정규직,면접 후 결정,"대전 유성구 문지로 193, T동 122호",로봇제어,"중소기업, 주식회사, 수출입 기업업종산업용 로봇 제조업",54,-
(주)로엔서지컬,경력 2년↑ · 정규직,면접 후 결정,"대전 유성구 문지로 193, T동 122호",로봇제어,"중소기업, 주식회사, 수출입 기업업종산업용 로봇 제조업",54,-
(주)나인벨,2 ~ 10년 · 정규직,면접 후 결정,"경기 성남시 중원구 사기막골로 99, 비101호,비122호 - 비132호, 비동 614호 - 616호 (상대원동,센트럴비)",로봇제어,"중소기업, 외국인 투자기업, 외부감사법..업종반도체 제조용 기계 제조업",61,"444억 4,615만"
(주)나인벨,5 ~ 20년 · 정규직,면접 후 결정,"경기 성남시 중원구 사기막골로 99, 비101호,비122호 - 비132호, 비동 614호 - 616호 (상대원동,센트럴비)",로봇제어,"중소기업, 외국인 투자기업, 외부감사법..업종반도체 제조용 기계 제조업",61,"444억 4,615만"
(주)나인벨,2 ~ 10년 · 정규직,면접 후 결정,"경기 성남시 중원구 사기막골로 99, 비101호,비122호 - 비132호, 비동 614호 - 616호 (상대원동,센트럴비)",로봇제어,"중소기업, 외국인 투자기업, 외부감사법..업종반도체 제조용 기계 제조업",61,"444억 4,615만"
(주)나인벨,2 ~ 5년 · 정규직,면접 후 결정,"경기 성남시 중원구 사기막골로 99, 비101호,비122호 - 비132호, 비동 614호 - 616호 (상대원동,센트럴비)",로봇제어,"중소기업, 외국인 투자기업, 외부감사법..업종반도체 제조용 기계 제조업",61,"444억 4,615만"
(주)씨아이제이코리아,경력무관 · 정규직,면접 후 결정,경기 오산시 서랑로 36,로봇제어,"중소기업, 주식회사, 병역특례 인증업체,..업종컴퓨터 제조업설립일",-,-
주식회사잇츠센서,신입 · 경력 · 정규직,면접 후 결정,"대구 달서구 월곡로 260, 7층 (상인프라자)",로봇제어,"중소기업, 주식회사업종솔루션·SI·ERP·CRM설립일",-,-
(주)엠바이지,신입 · 경력 · 정규직,면접 후 결정,"부산 영도구 남항서로 42, 3층",로봇제어,"중소기업, 주식회사업종배전반 및 전기 자동제어반 제조업",12,-
(주)유엔디,경력무관 · 정규직,면접 후 결정,대구 수성구 알파시티1로31길 31,로봇제어,"중소기업, 주식회사업종산업용 로봇 제조업",20,-
(주)아이로,경력무관 · 정규직,면접 후 결정,"경기 광명시 덕안로104번길 17, 310호,311호,312호,313호",로봇제어,"중소기업, 외국인 투자기업, 연구소, 주..업종산업용 로봇 제조업",17,"8억 7,810만"
라온로보틱스,경력 5년↑ · 정규직,"연봉 4,200 만원 (주 40시간)근무형태상세보기상세근무 시간 주 40시간 기준 최저임금은 24,728,880원 입니다. (단, 이는 연장,야간,휴일 수당이 제외된 금액일 수 있습니다.)최저임금 설명 닫기",부산 기장군 정관읍 정관상곡1길 17-10,로봇제어,중소기업업종산업용 로봇 제조업,11,-
(주)시스콘로보틱스,경력무관 · 정규직,면접 후 결정,"인천 서구 로봇랜드로 155-30, 4층 (청라동,로봇알앤디센터)",로봇제어,"중소기업, 주식회사, 병역특례 인증업체홈페이지",-,-
(주)시스콘로보틱스,경력 3년↑ · 정규직,면접 후 결정,"인천 서구 로봇랜드로 155-30, 4층 (청라동,로봇알앤디센터)",로봇제어,"중소기업, 주식회사, 병역특례 인증업체홈페이지",-,-
(주)하이퍼놀로지,신입 · 경력 · 정규직,면접 후 결정,"경기 수원시 장안구 서부로 2066, 산학협력센터 85407호 (천천동,성균관대학교)",로봇제어,"중소기업, 주식회사업종응용 소프트웨어 개발 및 공급업",9,-
(주)뉴빌리티,경력(년수무관) · 정규직,면접 후 결정,"서울 성동구 왕십리로 115, 2층",로봇제어,"중소기업, 스타트업, 연구소, 주식회사, ..업종컴퓨터 프로그래밍 서비스업",98,-
(주)트윔,경력 2년↑ · 정규직,면접 후 결정,경기 화성시 삼성1로4길 7-4,로봇제어,"코스닥, 중소기업, 스타트업, 외부감사법..업종응용 소프트웨어 개발 및 공급업",150,"182억 5,956만"
주식회사휴먼인모션로보틱스아시아,경력 1년↑ · 정규직,면접 후 결정,"서울 강남구 역삼로 227, 3층 (역삼동, 썬스코 빌딩)",로봇제어,"외국인 투자기업, 주식회사업종기계·설비·자동차설립일",-,-
(주)트리즈엔지니어링,신입 · 경력 · 정규직,면접 후 결정,경기 화성시 동탄산단5길 10-12,로봇제어,"중소기업, 주식회사업종기타 엔지니어링 서비스업",24,"23억 5,687만"
(주)라덱셀,3 ~ 10년 · 정규직,면접 후 결정,"강원 춘천시 충혼길52번길 10, 3층 302호",로봇제어,"중소기업, 연구소, 주식회사업종응용 소프트웨어 개발 및 공급업",8,-
(주)라덱셀,3 ~ 10년 · 정규직,면접 후 결정,"강원 춘천시 충혼길52번길 10, 3층 302호",로봇제어,"중소기업, 연구소, 주식회사업종응용 소프트웨어 개발 및 공급업",8,-
(주)지비티코리아,신입 · 정규직,면접 후 결정,"경기 군포시 당정로 90, 가동 401-1호,401-2호,401-3호 (당정동,신라테크노빌)",로봇제어,"중소기업, 주식회사, 수출입 기업업종기타 반도체소자 제조업",31,79억
(주)알투비,경력무관 · 정규직,"연봉 3,300 만원 (주 40시간)근무형태상세보기상세근무 시간 주 40시간 기준 최저임금은 24,728,880원 입니다. (단, 이는 연장,야간,휴일 수당이 제외된 금액일 수 있습니다.)최저임금 설명 닫기","인천 남동구 은봉로 52, 5층 506호 (논현동,엔아이씨지식산업센터)",로봇제어,"중소기업, 주식회사, 병역특례 인증업체,..업종그 외 기타 분류 안된 금속 가공 제품 제..",9,-
(주)지오로봇,경력무관 · 정규직,면접 후 결정,"대구 달서구 달구벌대로 1130, 1층 101호",로봇제어,중소기업업종산업용 로봇 제조업,7,-
(주)테솔로,신입 · 경력 · 정규직,면접 후 결정,"인천 연수구 컨벤시아대로 165, 26층 브이454",로봇제어,"중소기업, 주식회사업종산업용 로봇 제조업",10,"3억 3,900만"
(주)테솔로,신입 · 경력 · 정규직,면접 후 결정,"인천 연수구 컨벤시아대로 165, 26층 브이454",로봇제어,"중소기업, 주식회사업종산업용 로봇 제조업",10,"3억 3,900만"
(주)럭스로보,경력 5년↑ · 정규직,면접 후 결정,"서울 서초구 강남대로 311, 13층",로봇제어,"중소기업, 스타트업, 주식회사, 병역특례..업종산업용 로봇 제조업",80,-
(주)에니아이,경력무관 · 정규직 외,면접 후 결정,서울 성동구 상원1길 22 굿타워,로봇제어,"중소기업, 외국 법인기업, 주식회사, 병..업종전기·전자·제어",28,-
코드(주),1 ~ 10년 · 정규직,면접 후 결정,인천 서구 봉수대로1394번길 39-12,로봇제어,"중소기업, 외국인 투자기업, 주식회사, ..업종체조, 육상 및 체력단련용 장비 제조업",3,-
(주)옵토마인드,경력무관 · 정규직,면접 후 결정,"경기 수원시 영통구 덕영대로1556번길 16, 비동3층301호,에이동4층405호,에이동6층608호",로봇제어,"중소기업, 외국인 투자기업, 주식회사, ..업종전기용 기계ㆍ장비 및 관련 기자재 도매업",26,"15억 6,463만"
(주)옵토마인드,경력무관 · 정규직,면접 후 결정,"경기 수원시 영통구 덕영대로1556번길 16, 비동3층301호,에이동4층405호,에이동6층608호",로봇제어,"중소기업, 외국인 투자기업, 주식회사, ..업종전기용 기계ㆍ장비 및 관련 기자재 도매업",26,"15억 6,463만"
네이버랩스(주),신입 · 인턴직,면접 후 결정,"경기 성남시 분당구 정자일로 95, 18층",로봇제어,"대기업, 1000대기업, 외부감사법인, 연구..업종그 외 기타 정보 서비스업",226,-
한국로봇융합연구원,경력무관 · 정규직,면접 후 결정,경북 포항시 남구 지곡로 39,로봇제어,"기타, 연구소업종기타 공학 연구개발업",176,-
내비간티스코리아유한회사,경력 3년↑ · 정규직,면접 후 결정,서울 강서구 양천로 424 가양역 데시앙플렉스 지식산업센터,로봇제어,"중소기업, 외국인 투자기업, 사단법인, ..업종기계·설비·자동차",3,-
(주)부남테크,신입 · 정규직,"연봉 2,700 만원 (주 40시간)근무형태상세보기상세근무 시간 주 40시간 기준 최저임금은 24,728,880원 입니다. (단, 이는 연장,야간,휴일 수당이 제외된 금액일 수 있습니다.)최저임금 설명 닫기",경기 안산시 상록구 담원안길 25,로봇제어,"중소기업, 주식회사업종산업용 로봇 제조업",12,"16억 4,370만"
(주)엔바이어스,경력무관 · 정규직,면접 후 결정,"서울 성동구 상원12길 34, 914호",로봇제어,"중소기업, 주식회사, 병역특례 인증업체업종그 외 기타 특수목적용 기계 제조업",6,-
(주)메가젠임플란트,경력(년수무관) · 정규직,면접 후 결정,대구 달성군 다사읍 세천로7길 45,로봇제어,"중견기업, 외부감사법인, 주식회사, 수출..업종치과용 기기 제조업",700,"2,119억 7,765만"
넥스콘테크놀러지(주),신입 · 경력 · 정규직 외,면접 후 결정,충남 천안시 서북구 성거읍 석문길 95,로봇제어,중견기업업종전기용 기계ㆍ장비 및 관련 기자재 도매업,176,-
델타일렉트로닉스코리아,신입 · 경력 · 정규직,면접 후 결정,"서울 금천구 가산디지털1로 219, 1511호",로봇제어,"중소기업, 외국 법인기업, 주식회사업종전기용 기계ㆍ장비 및 관련 기자재 도매업",40,"259억 2,949만"
(주)프레쉬테크,경력무관 · 정규직 외,"연봉 4,000 만원 (주 40시간)근무형태상세보기상세근무 시간 주 40시간 기준 최저임금은 24,728,880원 입니다. (단, 이는 연장,야간,휴일 수당이 제외된 금액일 수 있습니다.)최저임금 설명 닫기",제주 제주시 오광로6길 8,로봇제어,중소기업업종일반용 전기 조명장치 제조업,3,-
(주)에스티에스로보테크,경력무관 · 정규직,면접 후 결정,경기 화성시 삼성1로4길 7-4,로봇제어,"코스닥, 중소기업, 스타트업, 외부감사법..업종응용 소프트웨어 개발 및 공급업",150,"182억 5,956만"
(주)고스트로보틱스테크놀로지,3 ~ 10년 · 정규직,면접 후 결정,"서울 강남구 봉은사로 326, 4층",로봇제어,중소기업업종산업용 로봇 제조업,5,-
(주)고스트로보틱스테크놀로지,4 ~ 10년 · 정규직,면접 후 결정,"서울 강남구 봉은사로 326, 4층",로봇제어,중소기업업종산업용 로봇 제조업,5,-
(주)아이아이컴바인드,경력무관 · 정규직,면접 후 결정,서울 마포구 어울마당로5길 41,로봇제어,"중견기업, 주식회사, 외부감사법인, 수출..업종안경 및 안경렌즈 제조업",1072,-
(주)에스시스템,경력무관 · 정규직,면접 후 결정,"경기 광명시 소하로 190, G동 106호 (소하동,광명지타워)",로봇제어,중소기업업종배전반 및 전기 자동제어반 제조업,20,-
(주)에스시스템,경력무관 · 정규직,면접 후 결정,"경기 광명시 소하로 190, G동 106호 (소하동,광명지타워)",로봇제어,중소기업업종배전반 및 전기 자동제어반 제조업,20,-
(주)에스시스템,경력무관 · 정규직,면접 후 결정,"경기 광명시 소하로 190, G동 106호 (소하동,광명지타워)",로봇제어,중소기업업종배전반 및 전기 자동제어반 제조업,20,-
(주)창공에프에이,신입 · 경력 · 정규직,면접 후 결정,경기 화성시 동탄산단3길 20-13,로봇제어,"중소기업, 외부감사법인, 주식회사, 병역..업종산업용 로봇 제조업",37,-
(주)엑스와이지,경력 5년↑ · 정규직,면접 후 결정,-,로봇제어,"중소기업, 주식회사설립일*",-,-
(주)로엔서지컬,경력 2년↑ · 정규직,면접 후 결정,"대전 유성구 문지로 193, T동 122호",로봇제어,"중소기업, 주식회사, 수출입 기업업종산업용 로봇 제조업",54,-
(주)알파로보틱스,신입 · 경력 · 정규직,회사내규에 따름,부산 기장군 장안읍 명례산단7로 30,로봇제어,"중소기업, 수출입 기업업종산업용 로봇 제조업",46,-
엘에스이(주),경력무관 · 정규직 외,면접 후 결정,"경기 용인시 기흥구 기흥로 58-1, 에이동 1601호 - 1609호",로봇제어,중소기업업종기타 반도체소자 제조업,201,-
(주)세이프틱스,경력 3년↑ · 정규직,면접 후 결정,"서울 강남구 봉은사로30길 43, 1층",로봇제어,"중소기업, 주식회사업종기타 기술 시험, 검사 및 분석업",18,-
(주)현전사,경력무관 · 정규직,면접 후 결정,부산 부산진구 전포대로255번길 33,로봇제어,"중소기업, 주식회사업종그 외 기타 기계 및 장비 도매업",65,-
(주)오병,신입 · 경력 · 정규직,면접 후 결정,경기 안산시 단원구 엠티브이1로 149,로봇제어,"중소기업, 주식회사업종그 외 기타 일반목적용 기계 제조업",16,"64억 3,076만"
(주)프레쉬테크,경력무관 · 정규직 외,"연봉 3,000 만원 (주 40시간)근무형태상세보기상세근무 시간 주 40시간 기준 최저임금은 24,728,880원 입니다. (단, 이는 연장,야간,휴일 수당이 제외된 금액일 수 있습니다.)최저임금 설명 닫기",제주 제주시 오광로6길 8,로봇제어,중소기업업종일반용 전기 조명장치 제조업,3,-
(주)뉴로메카,신입 · 경력 · 정규직 외,면접 후 결정,서울 성동구 아차산로 78,로봇제어,"코스닥, 중소기업, 스타트업, 주식회사, ..업종산업용 로봇 제조업",142,"73억 3,308만"
(주)세운아이엔티,경력 · 정규직,면접 후 결정,경북 영천시 대창면 한제길 20,로봇제어,중소기업업종그 외 자동차용 신품 부품 제조업,52,-
덕산메카시스(주),6 ~ 12년 · 정규직,면접 후 결정,"경기 화성시 동탄기흥로 590, B동 3층 312호 (영천동,동탄센트럴에이스타워)",로봇제어,중소기업업종배전반 및 전기 자동제어반 제조업,32,"90억 8,688만"
(주)엑스와이지,경력 2년↑ · 정규직,면접 후 결정,-,로봇제어,"중소기업, 주식회사설립일*",-,-
(주)비티알수성,3 ~ 15년 · 정규직,면접 후 결정,인천 서구 파랑로466번길 88,로봇제어,"중소기업, 주식회사, 수출입 기업업종그 외 기타 기계 및 장비 도매업",15,-
덕산메카시스(주),4 ~ 10년 · 정규직,면접 후 결정,"경기 화성시 동탄기흥로 590, B동 3층 312호 (영천동,동탄센트럴에이스타워)",로봇제어,중소기업업종배전반 및 전기 자동제어반 제조업,32,"90억 8,688만"
미래산업(주),신입 · 경력 · 정규직,면접 후 결정,충남 천안시 서북구 백석공단7로 65,로봇제어,"코스피, 중소기업, 외부감사법인, 주식회..업종기타 측정, 시험, 항해, 제어 및 정밀기..",106,-
(주)창세이노베이션,경력무관 · 정규직,면접 후 결정,"서울 금천구 가산디지털1로 168, A동 1011호 (가산동,우림라이온스밸리)",로봇제어,중소기업업종그 외 기타 전자부품 제조업,15,-
(주)드림,경력무관 · 정규직,면접 후 결정,"경기 수원시 영통구 신원로 88, 103동 610호",로봇제어,"중소기업, 주식회사, 수출입 기업업종그 외 기타 전기장비 제조업",70,"287억 7,522만"
LS메카피온(주),경력무관 · 정규직,면접 후 결정,대구 달서구 호산동로 12-9,로봇제어,"대기업, 주식회사업종전동기 및 발전기 제조업",190,600억 100만
(주)로아스,3 ~ 10년 · 정규직,면접 후 결정,"경기 안양시 동안구 엘에스로116번길 39, 엘에스엠트론 하이테크센타 사무동 402호",로봇제어,"중소기업, 외국인 투자기업, 주식회사업종산업용 로봇 제조업",40,"132억 8,600만"
(주)로아스,2 ~ 10년 · 정규직,면접 후 결정,"경기 안양시 동안구 엘에스로116번길 39, 엘에스엠트론 하이테크센타 사무동 402호",로봇제어,"중소기업, 외국인 투자기업, 주식회사업종산업용 로봇 제조업",40,"132억 8,600만"
(주)성신인스트루먼트,경력(년수무관) · 정규직,면접 후 결정,서울 구로구 경인로 554,로봇제어,"중소기업, 외부감사법인, 수출입 기업업종정밀기기 및 과학기기 도매업",33,-
(주)성신인스트루먼트,경력(년수무관) · 정규직,면접 후 결정,서울 구로구 경인로 554,로봇제어,"중소기업, 외부감사법인, 수출입 기업업종정밀기기 및 과학기기 도매업",33,-
"Control Techniques, a NIDEC company",경력 2년↑ · 정규직,면접 후 결정,"서울 송파구 법원로11길 7, 문정현대지식산업센터 313,314호(문정동)",로봇제어,"외국 법인기업, 주식회사, 수출입 기업업종전기·전자·제어설립일",-,-
(주)쎄믹스,신입 · 경력 · 정규직,면접 후 결정,경기 광주시 곤지암읍 경충대로 732-37,로봇제어,"중소기업, 스타트업, 외부감사법인, 연구..업종반도체 제조용 기계 제조업",200,"1,795억 6,269만"
포항공과대학교산학협력단,경력무관 · 계약직,면접 후 결정,경북 포항시 남구 청암로 77,로봇제어,"기타, 학교/교육기관업종기타 전문 서비스업설립일*",-,"620억 6,640만"
(주)피앤에스미캐닉스,경력무관 · 정규직,"연봉 2,900 만원 (주 40시간)근무형태상세보기상세근무 시간 주 40시간 기준 최저임금은 24,728,880원 입니다. (단, 이는 연장,야간,휴일 수당이 제외된 금액일 수 있습니다.)최저임금 설명 닫기","서울 영등포구 선유로 70, 509호 (문래동3가,우리벤처타운2)",로봇제어,"중소기업, 주식회사, 수출입 기업업종그 외 기타 의료용 기기 제조업",24,-
THE SYSTEM,신입 · 정규직,"연봉 2,800 만원 (주 40시간)근무형태상세보기상세근무 시간 주 40시간 기준 최저임금은 24,728,880원 입니다. (단, 이는 연장,야간,휴일 수당이 제외된 금액일 수 있습니다.)최저임금 설명 닫기",부산 강서구 유통단지1로57번길 34,로봇제어,중소기업업종배전반 및 전기 자동제어반 제조업홈페이지,-,-
(주)인텍오토메이션,신입 · 경력 · 정규직,면접 후 결정,경기 화성시 정남면 정남산단로 135,로봇제어,"중소기업, 주식회사, 수출입 기업업종그 외 기타 특수목적용 기계 제조업",40,-
(주)인텍오토메이션,1 ~ 3년 · 정규직,면접 후 결정,경기 화성시 정남면 정남산단로 135,로봇제어,"중소기업, 주식회사, 수출입 기업업종그 외 기타 특수목적용 기계 제조업",40,-
(주)인텍오토메이션,신입 · 경력 · 정규직,면접 후 결정,경기 화성시 정남면 정남산단로 135,로봇제어,"중소기업, 주식회사, 수출입 기업업종그 외 기타 특수목적용 기계 제조업",40,-
(주)인텍오토메이션,신입 · 정규직,면접 후 결정,경기 화성시 정남면 정남산단로 135,로봇제어,"중소기업, 주식회사, 수출입 기업업종그 외 기타 특수목적용 기계 제조업",40,-
(주)디에어,경력무관 · 정규직,면접 후 결정,"전남 나주시 교육길 13, 6동 506호 (빛가람동,스마트파크스마트파크)",로봇제어,중소기업업종산업용 로봇 제조업,13,-
(주)랑데뷰,경력무관 · 정규직,"연봉 5,500 만원 (주 40시간)근무형태상세보기상세근무 시간 주 40시간 기준 최저임금은 24,728,880원 입니다. (단, 이는 연장,야간,휴일 수당이 제외된 금액일 수 있습니다.)최저임금 설명 닫기","서울 송파구 법원로 128, C동 1718호 (문정동,문정역에스케이브이1)",로봇제어,"중소기업, 연구소, 주식회사업종그 외 기타 특수목적용 기계 제조업",7,-
(주)그린다,경력무관 · 정규직,면접 후 결정,"충북 청주시 청원구 주성로 74, 301호 (사천동,예현빌딩)",로봇제어,"중소기업, 주식회사업종물리, 화학 및 생물학 연구개발업",12,5억
(주)레인보우로보틱스,3 ~ 10년 · 정규직,면접 후 결정,대전 유성구 엑스포로339번길 10-19,로봇제어,"코스닥, 중소기업, 외부감사법인, 연구소..업종산업용 로봇 제조업",76,-
(주)로보티즈,경력 3년↑ · 정규직 외,면접 후 결정,서울 강서구 마곡중앙5로1길 37,로봇제어,"코스닥, 중소기업, 외부감사법인, 주식회..업종그 외 기타 특수목적용 기계 제조업",148,-
AJ네트웍스(주),경력무관 · 인턴직,면접 후 결정,"서울 송파구 정의로8길 9 (문정동,에이제이빌딩)",로봇제어,"코스피, 대기업, 주식회사업종컴퓨터 및 사무용 기계ㆍ장비 임대업설립일",-,-
앤스코(주),경력 5년↑ · 정규직,면접 후 결정,대전 유성구 엑스포로 419,로봇제어,"중소기업, 주식회사, 연구소업종기타 기술 시험, 검사 및 분석업",98,-
(주)자동차공학연구소,신입 · 경력 · 정규직,회사내규에 따름,"서울 서초구 양재천로17길 19, 2층, 3층 (양재동,태암빌딩)",로봇제어,중소기업업종기타 공학 연구개발업,15,-
(주)스마트뱅크,경력 10년↑ · 정규직,면접 후 결정,"대전 유성구 테크노2로 160, 510호",로봇제어,중소기업업종컴퓨터 제조업,39,-
(주)엑스와이지,경력 2년↑ · 정규직,면접 후 결정,-,로봇제어,"중소기업, 주식회사설립일*",-,-
코스텍시스템㈜,7 ~ 15년 · 정규직,면접 후 결정,경기 평택시 서탄면 방꼬지길 231,로봇제어,"코넥스, 중소기업, 외부감사법인, 연구소..업종반도체 제조용 기계 제조업",50,"269억 5,242만"
(주)마젠타로보틱스,경력(년수무관) · 정규직,면접 후 결정,"대전 유성구 가정로 218, 7층 705,706호 (가정동,융합기술연구생산센터)",로봇제어,"중소기업, 주식회사, 병역특례 인증업체업종응용 소프트웨어 개발 및 공급업",15,11억 472만
(주)이노비즈,신입 · 정규직,회사내규에 따름,경기 시흥시 엠티브이북로193번길 2,로봇제어,"중소기업, 주식회사, 외부감사법인, 병역..업종반도체 제조용 기계 제조업",79,-
(주)케이이에스,신입 · 경력 · 정규직,면접 후 결정,"경기 안양시 동안구 시민대로365번길 40, C동 3701호",로봇제어,"중소기업, 주식회사업종기타 기술 시험, 검사 및 분석업",84,113억 346만
(주)위드포인츠,경력 3년↑ · 정규직,면접 후 결정,"세종 한누리대로 1966, 605호",로봇제어,"중소기업, 주식회사업종기타 공학 연구개발업",16,"5억 6,977만"
LS메카피온(주),경력 5년↑ · 정규직,면접 후 결정,대구 달서구 호산동로 12-9,로봇제어,"대기업, 주식회사업종전동기 및 발전기 제조업",190,600억 100만
LS메카피온(주),경력 10년↓ · 정규직,면접 후 결정,대구 달서구 호산동로 12-9,로봇제어,"대기업, 주식회사업종전동기 및 발전기 제조업",190,600억 100만
(주)지비티코리아,경력 3년↑ · 정규직,면접 후 결정,"경기 군포시 당정로 90, 가동 401-1호,401-2호,401-3호 (당정동,신라테크노빌)",로봇제어,"중소기업, 주식회사, 수출입 기업업종기타 반도체소자 제조업",31,79억
(주)어드밴스솔루션,경력무관 · 정규직,면접 후 결정,"경기 안산시 상록구 한양대학로 55, 527호 (사동,창업보육센터)",로봇제어,중소기업업종산업용 로봇 제조업,6,-
(주)인텔리안테크놀로지스,경력 5년↑ · 정규직,면접 후 결정,경기 평택시 진위면 진위산단로 18-7,로봇제어,"코스닥, 중소기업, 스타트업, 외부감사법..업종기타 무선 통신장비 제조업",440,-
(주)인텔리안테크놀로지스,2 ~ 5년 · 정규직,면접 후 결정,경기 평택시 진위면 진위산단로 18-7,로봇제어,"코스닥, 중소기업, 스타트업, 외부감사법..업종기타 무선 통신장비 제조업",440,-
(주)인텔리안테크놀로지스,경력 3년↑ · 정규직,면접 후 결정,경기 평택시 진위면 진위산단로 18-7,로봇제어,"코스닥, 중소기업, 스타트업, 외부감사법..업종기타 무선 통신장비 제조업",440,-
(주)제타크리젠,경력 3년↑ · 정규직,면접 후 결정,"경기 군포시 고산로 166, 103동 707호",로봇제어,"중소기업, 주식회사업종산업용 로봇 제조업",7,"5억 5,301만"
(주)랑데뷰,경력무관 · 정규직,면접 후 결정,"서울 송파구 법원로 128, C동 1718호 (문정동,문정역에스케이브이1)",로봇제어,"중소기업, 연구소, 주식회사업종그 외 기타 특수목적용 기계 제조업",7,-
아이엔지글로벌(주),경력무관 · 정규직,면접 후 결정,경북 경주시 외동읍 문산2산단4로 19,로봇제어,"중소기업, 연구소, 주식회사업종전자 응용 절삭기계 제조업",15,-
아이티즈,경력무관 · 정규직,면접 후 결정,"대전 유성구 테크노4로 17, A동 6층 602호 (관평동,대덕비즈센터)",로봇제어,중소기업업종무인 항공기 및 무인 비행장치 제조업,9,"50억 8,000만"
(주)엘템,신입 · 경력 · 정규직,면접 후 결정,"전북 전주시 완산구 아중로 33, 406호",로봇제어,"중소기업, 주식회사, 수출입 기업업종기타 음향기기 제조업",6,"8억 5,918만"
(주)알지에이아이엔씨,신입 · 경력 · 정규직,면접 후 결정,"서울 서초구 서초대로 396, 7층 705호",로봇제어,"중소기업, 연구소업종전기ㆍ전자공학 연구개발업",3,-
(주)로브로스,신입 · 경력 · 정규직 외,"연봉 5,000 만원 (주 40시간)근무형태상세보기상세근무 시간 주 40시간 기준 최저임금은 24,728,880원 입니다. (단, 이는 연장,야간,휴일 수당이 제외된 금액일 수 있습니다.)최저임금 설명 닫기","서울 성동구 연무장5가길 25, 1303호",로봇제어,"중소기업, 주식회사업종산업용 로봇 제조업",9,"2억 4,000만"
코너스톤코리아(주),경력무관 · 정규직,회사내규에 따름,"서울 강남구 언주로 732, 8층",로봇제어,"중소기업, 외국 법인기업, 주식회사업종경영 컨설팅업",47,-
(주)티앤티솔루션,신입 · 경력 · 정규직,면접 후 결정,"서울 용산구 새창로 101, 1층",로봇제어,"중소기업업종컴퓨터 및 주변장치, 소프트웨어 도매업",36,-
코가로보틱스(주),경력무관 · 정규직,면접 후 결정,"서울 성동구 왕십리로 222, 516호",로봇제어,"중소기업, 주식회사, 연구소업종응용 소프트웨어 개발 및 공급업",49,-
(주)제이디,경력무관 · 정규직,면접 후 결정,경기 수원시 권선구 산업로155번길 80,로봇제어,"중소기업, 주식회사, 수출입 기업업종컴퓨터 제조업",66,"162억 9,442만"
대한상공회의소 경기인력개발원,경력무관 · 계약직,회사내규에 따름,경기 파주시 와석순환로172번길 16 경기인력개발원,로봇제어,학교/교육기관업종전문·기능학원설립일,-,-
대한상공회의소 경기인력개발원,신입 · 경력 · 계약직,회사내규에 따름,경기 파주시 와석순환로172번길 16 경기인력개발원,로봇제어,학교/교육기관업종전문·기능학원설립일,-,-
코딩을디자인하다학원,경력무관 · 정규직 외,면접 후 결정,제주 서귀포시 대정읍 글로벌에듀로 390,로봇제어,-,-,-
(주)로봇밸리,경력(년수무관) · 정규직,면접 후 결정,"경기 성남시 분당구 판교로 697, A동 701호 (야탑동,분당테크노파크)",로봇제어,"중소기업, 주식회사, 외부감사법인, 연구..업종그 외 기타 전자부품 제조업",83,-
(주)화인코왁,경력무관 · 정규직,면접 후 결정,경기 화성시 마도면 청원산단2길 58,로봇제어,"중소기업, 스타트업, 수출입 기업업종그 외 기타 특수목적용 기계 제조업",22,"77억 7,661만"
(주)화인코왁,경력무관 · 정규직,면접 후 결정,경기 화성시 마도면 청원산단2길 58,로봇제어,"중소기업, 스타트업, 수출입 기업업종그 외 기타 특수목적용 기계 제조업",22,"77억 7,661만"
로보콘(주),경력 1년↑ · 정규직,면접 후 결정,-,로봇제어,"중소기업, 외부감사법인, 주식회사, 수출..홈페이지",-,-
(주)유엔디,경력(년수무관) · 정규직,면접 후 결정,대구 수성구 알파시티1로31길 31,로봇제어,"중소기업, 주식회사업종산업용 로봇 제조업",20,-
(주)아이옵스,신입 · 정규직,면접 후 결정,"대전 유성구 과학로 169-84, 205호",로봇제어,중소기업업종응용 소프트웨어 개발 및 공급업,100,"51억 2,369만"
가율 국제특허법률사무소,경력무관 · 정규직 외,면접 후 결정,"부산 연제구 중앙대로 1243, 601호",로봇제어,중소기업업종변리사업설립일*,-,-
하이젠알앤엠(주),2 ~ 15년 · 정규직,면접 후 결정,경남 창원시 성산구 공단로473번길 57,로봇제어,"중소기업, 스타트업업종전동기 및 발전기 제조업",215,"879억 5,716만"
(주)해신,경력무관 · 정규직,면접 후 결정,전남 고흥군 도양읍 도양해안로 442,로봇제어,"중소기업, 주식회사, 연구소, 수출입 기업업종기타 수산동물 가공 및 저장 처리업",9,-
(주)시그봇,경력무관 · 정규직,면접 후 결정,"경기 군포시 당정로 90, 가동 401-1호,401-2호,401-3호 (당정동,신라테크노빌)",로봇제어,"중소기업, 주식회사, 수출입 기업업종기타 반도체소자 제조업",31,79억
한국데이터통신,신입 · 경력 · 정규직,면접 후 결정,"서울 금천구 한내로 56, 2층",로봇제어,"중소기업, 주식회사, 수출입 기업업종전기ㆍ전자공학 연구개발업",15,20억 87만
(주)시그봇,경력무관 · 정규직,면접 후 결정,"경기 군포시 당정로 90, 가동 401-1호,401-2호,401-3호 (당정동,신라테크노빌)",로봇제어,"중소기업, 주식회사, 수출입 기업업종기타 반도체소자 제조업",31,79억
(주)오리온테크놀리지,신입 · 경력 · 정규직,면접 후 결정,경북 김천시 아포읍 아포공단길 147,로봇제어,"중소기업, 스타트업, 외부감사법인, 주식..업종선박 구성 부분품 제조업",99,-
(주)로브로스,신입 · 경력 · 정규직 외,"연봉 5,000 만원 (주 40시간)근무형태상세보기상세근무 시간 주 40시간 기준 최저임금은 24,728,880원 입니다. (단, 이는 연장,야간,휴일 수당이 제외된 금액일 수 있습니다.)최저임금 설명 닫기","서울 성동구 연무장5가길 25, 1303호",로봇제어,"중소기업, 주식회사업종산업용 로봇 제조업",9,"2억 4,000만"
(주)아이로,1 ~ 4년 · 정규직,면접 후 결정,"경기 광명시 덕안로104번길 17, 310호,311호,312호,313호",로봇제어,"중소기업, 외국인 투자기업, 연구소, 주..업종산업용 로봇 제조업",17,"8억 7,810만"
(주)브릴스,경력 3년↑ · 정규직,면접 후 결정,인천 중구 축항대로296번길 56-22,로봇제어,"중소기업, 주식회사, 수출입 기업업종배전반 및 전기 자동제어반 제조업",42,-
(주)알지에이아이엔씨,경력 3년↑ · 정규직,"연봉 10,000 만원 (주 40시간)근무형태상세보기상세근무 시간 주 40시간 기준 최저임금은 24,728,880원 입니다. (단, 이는 연장,야간,휴일 수당이 제외된 금액일 수 있습니다.)최저임금 설명 닫기","서울 서초구 서초대로 396, 7층 705호",로봇제어,"중소기업, 연구소업종전기ㆍ전자공학 연구개발업",3,-
(주)제일기계,경력 3년↑ · 정규직,"연봉 4,500 만원 (주 40시간)근무형태상세보기상세근무 시간 주 40시간 기준 최저임금은 24,728,880원 입니다. (단, 이는 연장,야간,휴일 수당이 제외된 금액일 수 있습니다.)최저임금 설명 닫기",경북 경주시 외동읍 모화산단길 136,로봇제어,"중소기업, 스타트업, 유한회사, 병역특례..업종그 외 기타 일반목적용 기계 제조업",42,"194억 4,715만"
(주)언맨드솔루션,경력무관 · 정규직,면접 후 결정,"서울 마포구 성암로 330, 4층 423호,424호,425호 (상암동,디엠씨첨단산업센터)",로봇제어,중소기업업종응용 소프트웨어 개발 및 공급업,35,-
(주)유엔디,신입 · 경력 · 정규직,면접 후 결정,대구 수성구 알파시티1로31길 31,로봇제어,"중소기업, 주식회사업종산업용 로봇 제조업",20,-
(주)넥서스비,경력무관 · 정규직,면접 후 결정,"전북 전주시 완산구 천잠로 303, 121호 (효자동2가,전주대학교 문화기술)",로봇제어,중소기업업종그 외 기타 전자부품 제조업,24,-
(주)엘엠엔틱바이오텍,경력 2년↑ · 정규직,면접 후 결정,"대구 달성군 현풍읍 테크노중앙대로 333, 507호 대구경북과학기술원",로봇제어,"중소기업, 주식회사업종자연과학 및 공학 융합 연구개발업",7,-
(주)이노토피아,신입 · 경력 · 정규직,"연봉 5,000 만원 (주 40시간)근무형태상세보기상세근무 시간 주 40시간 기준 최저임금은 24,728,880원 입니다. (단, 이는 연장,야간,휴일 수당이 제외된 금액일 수 있습니다.)최저임금 설명 닫기",경기 김포시 양촌읍 황금산단2로 78,로봇제어,"중소기업, 주식회사업종산업처리공정 제어장비 제조업",9,-
(주)피치랩,경력 2년↑ · 정규직,면접 후 결정,"경기 성남시 수정구 고등로 3, A동 808호",로봇제어,"중소기업, 주식회사업종산업용 로봇 제조업",6,-
에스엔텔(주),경력무관 · 정규직 외,면접 후 결정,"경북 포항시 남구 청암로 87, 7층 704호 (지곡동,체인지업 그라운드)",로봇제어,"중소기업, 주식회사업종의료용품 및 기타 의약 관련제품 제조업",3,-
"Control Techniques, a NIDEC company",신입 · 경력 · 정규직,면접 후 결정,"서울 송파구 법원로11길 7, 문정현대지식산업센터 313,314호(문정동)",로봇제어,"외국 법인기업, 주식회사, 수출입 기업업종전기·전자·제어설립일",-,-
(주)큐오티,1 ~ 9년 · 정규직,"연봉 6,000 만원 (주 40시간)근무형태상세보기상세근무 시간 주 40시간 기준 최저임금은 24,728,880원 입니다. (단, 이는 연장,야간,휴일 수당이 제외된 금액일 수 있습니다.)최저임금 설명 닫기","부산 해운대구 센텀중앙로 97, A동 38층 3804호 (재송동,센텀스카이비즈)",로봇제어,중소기업업종그 외 기타 전자부품 제조업,7,-
어드밴텍케이알(주),신입 · 경력 · 정규직,면접 후 결정,"서울 강서구 강서로 463, 4층 (마곡동,새싹타워)",로봇제어,"중견기업, 외국인 투자기업, 병역특례 인..업종컴퓨터 및 주변장치, 소프트웨어 도매업",116,-
(주)일렉트릭스,경력 2년↑ · 정규직,면접 후 결정,부산 강서구 경전철로24번길 43-3,로봇제어,"중소기업, 외부감사법인, 주식회사업종전기용 기계ㆍ장비 및 관련 기자재 도매업",36,-
(주)나비프라,신입 · 경력 · 정규직 외,면접 후 결정,"서울 서초구 서초대로73길 7, 3층",로봇제어,"중소기업, 주식회사업종응용 소프트웨어 개발 및 공급업",36,-
THE SYSTEM,경력 3년↑ · 정규직,"연봉 4,000 만원 (주 40시간)근무형태상세보기상세근무 시간 주 40시간 기준 최저임금은 24,728,880원 입니다. (단, 이는 연장,야간,휴일 수당이 제외된 금액일 수 있습니다.)최저임금 설명 닫기",부산 강서구 유통단지1로57번길 34,로봇제어,중소기업업종배전반 및 전기 자동제어반 제조업홈페이지,-,-
우림이엔지(주),경력 3년↑ · 정규직,면접 후 결정,경북 칠곡군 왜관읍 강변대로 677-15,로봇제어,중소기업업종그 외 기타 특수목적용 기계 제조업,16,118억 700만
파워오토메이션(주),경력무관 · 정규직,면접 후 결정,"충남 천안시 서북구 백석공단1로 10, M동 2층 209호",로봇제어,"중소기업, 외부감사법인, 주식회사, 수출..",37,69억 688만
(주)마젠타로보틱스,경력무관 · 정규직,면접 후 결정,"대전 유성구 가정로 218, 7층 705,706호 (가정동,융합기술연구생산센터)",로봇제어,"중소기업, 주식회사, 병역특례 인증업체업종응용 소프트웨어 개발 및 공급업",15,11억 472만
코오롱인더스트리(주),신입 · 경력 · 계약직,면접 후 결정,서울 강서구 마곡동로 110,로봇제어,"코스피, 대기업, 1000대기업, 협동조합, ..업종합성섬유 제조업",629,-
휴머레인컨설팅,경력 3년↑ · 정규직,면접 후 결정,서울 서초구 서초동 1330-3 엔데버빌딩 13층,로봇제어,-,-,-
휴머레인컨설팅,경력 3년↑ · 정규직,면접 후 결정,서울 서초구 서초동 1330-3 엔데버빌딩 13층,로봇제어,-,-,-
(주)바른인사컨설팅,경력무관 · 파견직,면접 후 결정,"서울 구로구 디지털로33길 11, 209호",로봇제어,"중소기업, 주식회사업종상용 인력 공급 및 인사관리 서비스업",700,300억
굿커리어,4 ~ 16년 · 정규직,면접 후 결정,서울 강남구 봉은사로 121,로봇제어,중소기업업종경영 컨설팅업홈페이지,-,-
(주)투비파트너즈,경력 3년↑ · 정규직,면접 후 결정,"서울 서초구 효령로 97, 2층",로봇제어,"중소기업, 주식회사업종고용 알선업설립일",-,-
(주)스카우트플랜,신입 · 경력 · 위촉직 외,면접 후 결정,서울 강남구 논현로 340 정도빌딩 5층,로봇제어,주식회사업종연구소·컨설팅·조사설립일,-,-
(주)에이치알그룹,10 ~ 18년 · 정규직,"연봉 9,000 만원 (주 50시간)근무형태상세보기상세근무 시간 주 50시간 기준 최저임금은 29,816,640원 입니다. (단, 이는 연장,야간,휴일 수당이 제외된 금액일 수 있습니다.)최저임금 설명 닫기","서울 서초구 강남대로 291, 11층",로봇제어,"중소기업, 외국 법인기업, 주식회사, 외..업종고용 알선업설립일*",-,"22억 6,230만"
굿커리어,경력무관 · 정규직,면접 후 결정,서울 강남구 봉은사로 121,로봇제어,중소기업업종경영 컨설팅업홈페이지,-,-
굿커리어,7 ~ 15년 · 정규직,면접 후 결정,서울 강남구 봉은사로 121,로봇제어,중소기업업종경영 컨설팅업홈페이지,-,-
에이치알포유(주),3 ~ 10년 · 정규직,면접 후 결정,경기 광주시 곤지암읍 경충대로 732-37,로봇제어,"중소기업, 스타트업, 외부감사법인, 연구..업종반도체 제조용 기계 제조업",200,"1,795억 6,269만"
(주)피플렙,3 ~ 20년 · 정규직,면접 후 결정,경기 광주시 곤지암읍 경충대로 732-37,로봇제어,"중소기업, 스타트업, 외부감사법인, 연구..업종반도체 제조용 기계 제조업",200,"1,795억 6,269만"
에이치알포유(주),10 ~ 15년 · 정규직,면접 후 결정,경기 광주시 곤지암읍 경충대로 732-37,로봇제어,"중소기업, 스타트업, 외부감사법인, 연구..업종반도체 제조용 기계 제조업",200,"1,795억 6,269만"
에이치알포유(주),5 ~ 10년 · 정규직,면접 후 결정,경기 광주시 곤지암읍 경충대로 732-37,로봇제어,"중소기업, 스타트업, 외부감사법인, 연구..업종반도체 제조용 기계 제조업",200,"1,795억 6,269만"
(주)피플렙,4 ~ 11년 · 정규직,면접 후 결정,경기 광주시 곤지암읍 경충대로 732-37,로봇제어,"중소기업, 스타트업, 외부감사법인, 연구..업종반도체 제조용 기계 제조업",200,"1,795억 6,269만"
닥터파인드,7 ~ 17년 · 정규직,면접 후 결정,"서울 송파구 올림픽로 336, 1802호",로봇제어,중소기업업종고용 알선업홈페이지,-,-
닥터파인드,경력 7년↑ · 정규직,면접 후 결정,"서울 송파구 올림픽로 336, 1802호",로봇제어,중소기업업종고용 알선업홈페이지,-,-
(주)모건앤뱅스컨설팅,신입 · 경력 · 정규직,면접 후 결정,"서울 강남구 영동대로 511, 30층 3022호",로봇제어,"중소기업, 주식회사설립일*",-,-
(주)사람인에이치에스,2 ~ 6년 · 정규직,면접 후 결정,"서울 구로구 디지털로34길 43, 6층 601호",로봇제어,"중견기업, 외부감사법인, 주식회사업종임시 및 일용 인력 공급업",1300,270억
㈜벤처피플,경력 1년↑ · 정규직,면접 후 결정,"서울 강남구 테헤란로87길 36, 23층",로봇제어,"중소기업, 주식회사업종경영 컨설팅업",11,-
(주)모건앤뱅스컨설팅,신입 · 경력 · 정규직,면접 후 결정,"서울 강남구 영동대로 511, 30층 3022호",로봇제어,"중소기업, 주식회사설립일*",-,-
(주)브이비젼,경력 5년↑ · 정규직,면접 후 결정,"서울 송파구 위례성대로20길 31, 4층",로봇제어,중소기업업종경영 컨설팅업설립일*,-,-
(주)사람인에이치에스,경력무관 · 정규직,면접 후 결정,"서울 구로구 디지털로34길 43, 6층 601호",로봇제어,"중견기업, 외부감사법인, 주식회사업종임시 및 일용 인력 공급업",1300,270억
(주)바인컨설팅,3 ~ 10년 · 정규직,면접 후 결정,"서울 강남구 논현로159길 20, 2층",로봇제어,"중소기업, 주식회사업종경영 컨설팅업",35,30억
에이치알포유(주),경력 2년↑ · 정규직,면접 후 결정,울산 울주군 온산읍 처용산업로 6,로봇제어,"중견기업, 외국 법인기업, 외부감사법인,..업종그 외 자동차용 신품 부품 제조업",450,-
프로페셔날핸즈인핸즈코리아(주),4 ~ 10년 · 정규직,면접 후 결정,"서울 강남구 봉은사로84길 9, 2층",로봇제어,"중소기업, 주식회사업종경영 컨설팅업",15,-
프로페셔날핸즈인핸즈코리아(주),5 ~ 10년 · 정규직,면접 후 결정,"서울 강남구 봉은사로84길 9, 2층",로봇제어,"중소기업, 주식회사업종경영 컨설팅업",15,-
(주)지에스이,경력 5년↑ · 계약직,"4,000 만원",인천 미추홀구 염전로201번길 51-23,로봇제어,"중소기업, 주식회사업종산업용 로봇 제조업",7,-
(주)유웨이써치앤컨설팅,경력 5년↑ · 정규직,면접 후 결정,"서울 서초구 남부순환로347길 52, 2층",로봇제어,"중소기업, 주식회사업종경영 컨설팅업설립일",-,-
(주)유웨이써치앤컨설팅,경력 4년↑ · 정규직,면접 후 결정,"서울 서초구 남부순환로347길 52, 2층",로봇제어,"중소기업, 주식회사업종경영 컨설팅업설립일",-,-
엠에스코리아,경력무관 · 정규직,"연봉 4,500 만원 (주 40시간)근무형태상세보기상세근무 시간 주 40시간 기준 최저임금은 24,728,880원 입니다. (단, 이는 연장,야간,휴일 수당이 제외된 금액일 수 있습니다.)최저임금 설명 닫기",인천 계양구 계산새로 71 하이베라스,로봇제어,-,-,-
(주)메이븐앤컴퍼니,경력 3년↑ · 정규직,면접 후 결정,"서울 영등포구 선유로13길 25, 709호",로봇제어,"중소기업, 주식회사업종경영 컨설팅업",30,-
굿커리어,신입 · 경력 · 정규직,면접 후 결정,서울 강남구 봉은사로 121,로봇제어,중소기업업종경영 컨설팅업홈페이지,-,-
쓰리핸즈(3Handz),8 ~ 12년 · 정규직,면접 후 결정,서울 서초구 바우뫼로 222 영진빌딩,로봇제어,-,-,-
쓰리핸즈(3Handz),3 ~ 5년 · 정규직,면접 후 결정,서울 서초구 바우뫼로 222 영진빌딩,로봇제어,-,-,-
쓰리핸즈(3Handz),5 ~ 10년 · 정규직,면접 후 결정,서울 서초구 바우뫼로 222 영진빌딩,로봇제어,-,-,-
(주)비에이블컨설팅그룹,경력 4년↑ · 정규직,면접 후 결정,"서울 금천구 가산디지털2로 165, 1501호",로봇제어,"중소기업, 주식회사업종경영 컨설팅업설립일",-,-
골든비네트워크(주),경력(년수무관) · 정규직,면접 후 결정,"서울 서초구 신반포로 326-10, 305호",로봇제어,"중소기업, 주식회사업종고용 알선업설립일",-,-
골든비네트워크(주),경력(년수무관) · 정규직,면접 후 결정,"서울 서초구 신반포로 326-10, 305호",로봇제어,"중소기업, 주식회사업종고용 알선업설립일",-,-
주식회사 미래기연,경력 3년↑ · 정규직,"3,600 만원",경기 시흥시 마유로 12,로봇제어,"중소기업, 스타트업, 주식회사, 병역특례..업종금속 주조 및 기타 야금용 기계 제조업",8,-
반석써치(주),7 ~ 15년 · 정규직,면접 후 결정,"서울 강남구 테헤란로64길 16-8, 4층 (대치동,금척빌딩)",로봇제어,중소기업업종상품 종합 도매업설립일,-,-
(주)솔찬컴퍼니,경력 5년↑ · 정규직,면접 후 결정,"경기 수원시 영통구 법조로 25, A동 3505호",로봇제어,"중소기업, 주식회사업종경영 컨설팅업설립일",-,-
(주)솔찬컴퍼니,3 ~ 7년 · 정규직,면접 후 결정,"경기 수원시 영통구 법조로 25, A동 3505호",로봇제어,"중소기업, 주식회사업종경영 컨설팅업설립일",-,-
(주)솔찬컴퍼니,경력 3년↑ · 정규직,면접 후 결정,"경기 수원시 영통구 법조로 25, A동 3505호",로봇제어,"중소기업, 주식회사업종경영 컨설팅업설립일",-,-
(주)솔찬컴퍼니,경력 3년↑ · 정규직,면접 후 결정,"경기 수원시 영통구 법조로 25, A동 3505호",로봇제어,"중소기업, 주식회사업종경영 컨설팅업설립일",-,-
일취,경력무관 · 정규직,"연봉 4,000 만원 (주 40시간)근무형태상세보기상세근무 시간 주 40시간 기준 최저임금은 24,728,880원 입니다. (단, 이는 연장,야간,휴일 수당이 제외된 금액일 수 있습니다.)최저임금 설명 닫기",서울 마포구 홍익로 13-5,로봇제어,중소기업업종시설관리·경비·용역설립일,-,-
일취,경력무관 · 정규직,"연봉 4,000 만원 (주 40시간)근무형태상세보기상세근무 시간 주 40시간 기준 최저임금은 24,728,880원 입니다. (단, 이는 연장,야간,휴일 수당이 제외된 금액일 수 있습니다.)최저임금 설명 닫기",서울 마포구 홍익로 13-5,로봇제어,중소기업업종시설관리·경비·용역설립일,-,-
(주)해성티피씨,경력 5년↑ · 정규직,"4,000 만원",인천 남동구 능허대로 551,로봇제어,"코스닥, 외부감사법인, 수출입 기업업종기어 및 동력전달장치 제조업",48,-
(주)다진기업,경력무관 · 정규직,"3,500 만원",경기 안산시 상록구 안산벌말길 10-4,로봇제어,"중소기업, 수출입 기업업종기타 가공 공작기계 제조업",11,-
(주）우정테크,경력 3년↑ · 정규직,"3,000만원 (면접 후 협의)",경기 부천시 신흥로511번길 61,로봇제어,"중소기업, 스타트업, 주식회사, 연구소, ..업종기기용 자동측정 및 제어장치 제조업",31,-
(주)정도,경력무관 · 정규직,면접 후 결정,"서울 송파구 도곡로 454 (잠실동,정도빌딩)",로봇제어,"중소기업, 외부감사법인, 주식회사업종배관 및 냉ㆍ난방 공사업",100,-
